{
  "assetsByChunkName": {
    "vendors~app-account~app-confirmation~app-order": "chunk.38295fc5e213e8ca8dfc.js",
    "vendors~app-account~app-checkout": "chunk.feb59b09399a58f55f14.js",
    "vendors~app-cart~app-checkout": "chunk.e92d8e8f677d53c24e55.js",
    "admin": [
      "admin.2d2b7d97d1e80f714559.js",
      "admin.2d2b7d97d1e80f714559.js.map"
    ],
    "app-account": "chunk.1c05ed8dd62e24f83e67.js",
    "app-checkout": "chunk.dc69c055972bbfd6d8ea.js",
    "app-confirmation": "chunk.8678c54d3d525b41f6f2.js",
    "checkout": [
      "checkout.637c6a3377998a771f36.js",
      "checkout.637c6a3377998a771f36.js.map"
    ],
    "storefront": [
      "storefront.fe4dd990b5b8b8003129.css",
      "storefront.279ff1050a164c89c7d3.js",
      "storefront.fe4dd990b5b8b8003129.css.map",
      "storefront.279ff1050a164c89c7d3.js.map"
    ],
    "vendors~app-cart": "chunk.7d91565b671ecc9d7ede.js",
    "vendors~app-order": "chunk.61d72c5b27029d56ad40.js"
  }
}